"21","4","2019-01-16","karspellaan","5780","1","0"
"22","4","2019-02-20","karspellaan","30","3","4"
"23","9","2019-02-03","flevostraat","632","3","4"
"24","4","2019-02-23","karspellaan","72","2","4"
"25","10","2019-02-19","karspellaan","12","1","0"
"36","21","5","1"
"37","21","20","1"
"38","21","12","2"
"39","22","2","3"
"40","22","6","2"
"41","23","2","1"
"42","23","3","1"
"43","23","20","2"
"44","24","1","3"
"45","25","1","1"
"46","25","3","1"
"4","henk","henk","c1b13157df74145d5213c8f4b38d2962b6c4083613c79204ec793e786b21c95885e839a6c0181735692fcb9902066dd486ce4956d97b883e4eb18ed60ba66301","henk@henk.com","2000-05-16","7887EZ","Erica","1"
"5","test","test","ee26b0dd4af7e749aa1a8ee3c10ae9923f618980772e473f8819a5d4940e0db27ac185f8a0e1d5f84f88bc887fd67b143732c304cc5fa9ad8e6f57f50028a8ff","testing@test.com","2011-08-19","7887EZ","Erica","3"
"6","hen","k","ee26b0dd4af7e749aa1a8ee3c10ae9923f618980772e473f8819a5d4940e0db27ac185f8a0e1d5f84f88bc887fd67b143732c304cc5fa9ad8e6f57f50028a8ff","henkhenk@henk.com","2000-05-16","7887EZ","Erica","3"
"7","d","d","150990c01ce3198086c91576d323046d5cd72c3846bb006c96ba4bbb2fea819e0c0be618b54da576daca212f10340c57ab2f09b46666f1e2c15056ae77b22527","d@d.com","2011-08-01","7887EZ","e","3"
"8","d","d","99c426cc0bf3c465f9c4a49e5a6c3d09a43c4f95631776b354be0727f3f65567ae9357c5d55015e2cfbb27ead98e1bb54f2a0f26042ad267a279f0e3a8c5b2e9","dd@d.com","2011-08-19","7887EZ","Erica","3"
"9","LA","LA","364d2d1555bfab86ed13fefc935b2c70255d144fc4620ed06f3687a1080625e35708f2753e1eb00b39af850b3794a6a2834c66f48806b2861c8c79d1376414d3","la@la.com","2011-08-08","7887EZ","Erica","3"
"10","klant","klant","9a6c0a9030cb13ecce091cd175a245e884acd39a54ccfd336bc9863b0bc0d66bc16c325ed44a1a40f2c9d52292072475665e1d0527195da601fbb0741cee2e22","klant@klant.com","2000-02-08","7887EZ","Erica","3"
"11","lol","lol","3dd28c5a23f780659d83dd99981e2dcb82bd4c4bdc8d97a7da50ae84c7a7229a6dc0ae8ae4748640a4cc07ccc2d55dbdc023a99b3ef72bc6ce49e30b84253dae","lol@lol.com","2011-08-08","7887EZ","eRICA","3"
"1","Roos","Tering grote haai met een buik en een lorem ipsum en valt deze tekst nu niet buiten de div en verkracht dit alles want dan moeten we het even afsneiden voor het plakken en alleen laten zien bij hover Lorem Ipsum is slechts een proeftekst uit het drukkerij- en zetterijwezen. Lorem Ipsum is de standaard proeftekst in deze bedrijfstak sinds de 16e eeuw, toen een onbekende drukker een zethaak met letters nam en ze door elkaar husselde om een font-catalogus te maken. Het heeft niet alleen vijf eeuwen overleefd maar is ook, vrijwel onveranderd, overgenomen in elektronische ","../../model/img/bloemen/roos","6"
"2","Roos","prikkelig ding met interresante geur","../../model/img/bloemen/roos","6"
"3","Roos","prikkelig ding met interresante geur","../../model/img/bloemen/roos","6"
"4","Roos","prikkelig ding met interresante geur","../../model/img/bloemen/roos","6"
"5","Roos","prikkelig ding met interresante geur","../../model/img/bloemen/roos","6"
"6","Roos","prikkelig ding met interresante geur","../../model/img/bloemen/roos","6"
"7","Roos","prikkelig ding met interresante geur","../../model/img/bloemen/roos","6"
"8","Roos","prikkelig ding met interresante geur","../../model/img/bloemen/roos","6"
"9","Roos","prikkelig ding met interresante geur","../../model/img/bloemen/roos","6"
"10","Roos","prikkelig ding met interresante geur","../../model/img/bloemen/roos","6"
"11","Roos","prikkelig ding met interresante geur","../../model/img/bloemen/roos","6"
"12","Roos","prikkelig ding met interresante geur","../../model/img/bloemen/roos","6"
"17","fsdf","fdafads"," 	../../model/img/bloemen/flowerpower-logo.png","12321"
"18","testsfewf","fsdfsd"," 	../../model/img/bloemen/Dancers Theo van doesburg 254hx83b.jpg","20"
"19","fdsfds","fsdf"," 	../../model/img/bloemen/WhatsApp Image 2018-06-26 at 14.31.37(3).jpeg","15"
"20","fsdfs","fdsfds"," 	../../model/img/bloemen/zonnebloem (2).jpg","152"
"21","tesdfs","fsdf"," 	../../model/img/bloemen/Dancers Theo van doesburg 254hx83b.jpg","15"
"1","admin"
"2","medewerker"
"3","gebruiker"
